{"loss": [173.08598353150254, 699.5749853087427, 141.89913940429688, 908.3536376953125, 263.433837890625, 910.2442016601562, 1193.2811279296875, 500.8544006347656, 568.8387451171875, 1190.3782958984375, 603.8438110351562, 1745.4873046875, 2005.5096435546875, 612.258544921875, 639.4882202148438, 812.9014282226562, 512.6617431640625, 1726.004150390625, 715.6444702148438, 1180.6820068359375, 645.4381103515625, 920.2601318359375, 1463.409912109375, 2820.57080078125, 1188.9195556640625, 1458.193359375, 914.6995239257812, 1456.7430419921875, 2266.82568359375, 1721.650146484375, 1448.00146484375, 1996.3011474609375, 1723.0479736328125, 1716.830810546875, 2260.830078125, 1988.59912109375, 3327.08984375, 3058.7998046875, 1707.13330078125, 3047.77587890625, 1980.4267578125, 2769.27392578125, 4076.280517578125, 4062.157470703125, 2486.654296875, 2213.165771484375, 2743.65185546875, 3770.806396484375, 1947.3519287109375, 3499.74560546875, 2195.907470703125, 2735.249267578125, 2723.790283203125, 3243.964599609375, 4528.33203125, 2191.89599609375, 1917.1011962890625, 2948.080322265625, 2951.2421875, 3714.53515625, 4997.509765625, 2694.04248046875, 4217.85400390625, 3930.281005859375, 6137.6865234375, 3169.143310546875, 3157.6904296875, 4417.63623046875, 4384.0341796875, 4885.6923828125, 3631.99609375, 3875.900146484375, 4359.40673828125, 3596.439697265625, 3348.048828125, 6779.533203125, 5441.0205078125, 4257.5205078125, 4733.03759765625, 3682.60791015625, 5845.4697265625, 4221.99072265625, 4458.703125, 4134.22021484375, 5615.4072265625, 3941.91357421875, 6087.2880859375, 4878.07177734375, 3366.2587890625, 5264.77734375, 6340.66357421875, 6350.638671875, 5891.63330078125, 5741.08251953125, 3893.5986328125, 4345.37890625, 4358.02685546875, 4831.9013671875, 5988.70263671875, 5737.32421875, 4767.32470703125, 3147.781494140625, 5714.978515625, 5423.67236328125, 4052.71923828125, 97.36531066894531, 6543.94482421875, 5721.525390625, 4466.5166015625, 4559.1875, 6523.00439453125, 5437.63916015625], "mse": [168788.8119758364, 5743420.339643653, 1194149.375, 5739380.0, 2646015.75, 5743059.5, 5744404.0, 3705065.0, 4458729.0, 5742556.5, 4986744.5, 5744337.5, 5718347.0, 5298017.5, 5716055.0, 5453787.0, 5579042.5, 5706776.5, 5700003.0, 5701932.5, 5707953.5, 5725091.5, 5726622.5, 5717324.0, 5711639.0, 5702467.0, 5692037.5, 5687643.0, 5669277.0, 5656476.5, 5653964.5, 5656590.0, 5648392.5, 5642918.0, 5630457.5, 5634219.5, 5628554.0, 5611086.0, 5605659.0, 5605688.5, 5604083.5, 5580676.5, 5551543.0, 5534579.5, 5532756.0, 5526884.5, 5515105.5, 5500852.0, 5495231.5, 5479890.0, 5478899.0, 5494686.0, 5491377.0, 5498008.0, 5476658.0, 5465337.5, 5458204.5, 5450179.0, 5441220.5, 5422939.0, 5405764.0, 5398136.0, 5379366.0, 5362543.0, 5355371.0, 5351137.5, 5343579.5, 5329385.0, 5291289.0, 5282757.0, 5280129.5, 5254702.0, 5240721.5, 5231738.5, 5226701.5, 5203553.0, 5172560.0, 5151651.5, 5129895.0, 5124600.5, 5112164.5, 5104448.0, 5090825.0, 5078254.5, 5044997.0, 5035653.0, 5031788.0, 5028788.0, 5021592.5, 5016740.0, 4993514.0, 4968374.5, 4969985.5, 4965922.0, 4965325.5, 4955740.5, 4958602.0, 4960185.0, 4942281.5, 4914500.5, 4896990.5, 4898863.0, 4899612.0, 4883358.0, 4870957.5, 4883128.0, 4856501.0, 4832405.5, 4803888.0, 4789579.0, 4762382.0, 4743009.0], "mean_q": [391.0002978621553, 2628.6967311255917, 1180.2530517578125, 2627.9208984375, 1781.670166015625, 2629.151611328125, 2628.775390625, 2111.151123046875, 2316.340087890625, 2629.06982421875, 2449.93115234375, 2628.783447265625, 2622.8349609375, 2524.8779296875, 2622.17431640625, 2561.694580078125, 2591.025390625, 2620.6181640625, 2618.961181640625, 2618.921142578125, 2620.13671875, 2624.228515625, 2624.8056640625, 2621.66455078125, 2620.659423828125, 2618.955322265625, 2616.935546875, 2615.27587890625, 2611.335693359375, 2608.530029296875, 2608.454345703125, 2609.117431640625, 2606.5478515625, 2605.36083984375, 2603.77197265625, 2603.027587890625, 2602.43115234375, 2598.775634765625, 2596.9521484375, 2596.59130859375, 2596.11376953125, 2591.7314453125, 2585.47216796875, 2580.74755859375, 2579.97265625, 2577.822021484375, 2575.55224609375, 2572.14794921875, 2570.319091796875, 2569.362060546875, 2568.83740234375, 2572.141845703125, 2571.53125, 2571.849853515625, 2566.752197265625, 2564.002685546875, 2561.503662109375, 2559.60107421875, 2557.9599609375, 2554.950439453125, 2550.7333984375, 2549.308349609375, 2545.04248046875, 2540.757568359375, 2535.623046875, 2536.419189453125, 2535.132080078125, 2532.82568359375, 2524.256103515625, 2520.729736328125, 2520.8251953125, 2516.083984375, 2512.770263671875, 2509.537353515625, 2507.787841796875, 2502.466064453125, 2495.58203125, 2488.735595703125, 2484.27490234375, 2484.006103515625, 2481.304443359375, 2478.78564453125, 2475.631103515625, 2472.827880859375, 2464.678955078125, 2462.493408203125, 2461.6748046875, 2460.295166015625, 2459.679443359375, 2459.570556640625, 2452.704345703125, 2446.216064453125, 2446.982177734375, 2444.9775390625, 2443.37060546875, 2442.302001953125, 2444.38818359375, 2444.638916015625, 2439.97265625, 2432.5966796875, 2428.076904296875, 2430.317138671875, 2429.642578125, 2424.734130859375, 2421.359619140625, 2424.46923828125, 2418.156982421875, 2411.1689453125, 2405.395263671875, 2401.467529296875, 2395.888916015625, 2391.10009765625], "episode_reward": [108389.5871268686, 15664.641456839898, 133952.22264019924, 10610.245588404552, 125657.0973583374, 12619.701659238228, 11864.894091494518, 129730.95035394243, 139745.0368538688, 11864.28550100181, 125527.31249594557, 11579.215102436587, 11750.243494784387, 122219.00747018543, 11251.050090303881, 136867.1253220773, 129384.02683601032, 12647.167235971565, 140227.01206640853, 10969.62587299067, 10422.795049700377, 12157.740788647741, 12232.305674465619, 8984.111561001791, 9772.261752998033, 11711.482102024935, 8997.245828025254, 14425.763743801654, 13034.251868385893, 11584.219813414691, 15222.409498280875, 11910.562388103099, 10696.545244126908, 11677.950329147694, 13591.001226421024, 12421.028198928965, 10234.029509634403, 13723.82629307903, 11394.21050489577, 10141.809921870556, 16374.869329880124, 12771.458957313585, 13323.377371144614, 14078.791428402745, 11667.140448012422, 10215.942516057221, 10669.871508897295, 15356.215862141134, 13276.128446122022, 14864.266536478135, 11906.358566919635, 16082.891544541704, 9863.250914232965, 13654.760241682754, 10443.550034488238, 9609.625459996798, 14642.102370391669, 12895.300325068793, 12967.890255784303, 15450.372360717027, 12058.056936303468, 9649.134108932401, 12888.333969274292, 11325.497797828395, 518.4625, 11052.011685541514, 11348.965430245771, 10183.139724540877, 13756.30679011792, 11167.586931639747, 13873.558536539447, 12245.258723698602, 9408.95834293239, 11364.403861493847, 13750.756544136571, 11565.435158317201, 11208.667158305705, 12833.29713607934, 10136.894376113734, 10134.482360723117, 13426.897958149239, 11942.834646603815, 12679.99198190744, 12098.417125702505, 11131.817870144036, 14699.119927533884, 17413.7308962344, 14034.093920464054, 12089.826220783485, 13081.120485664456, 12364.295533630639, 10664.416917398657, 9071.789123373866, 11232.897593097183, 16499.307523382085, 11098.049089142365, 16720.063577905577, 12551.621441574498, 11936.112789794068, 12764.838558632307, 10496.19988500436, 905.59, 13123.314728539397, 12442.543377017171, 8332.059275224965, 647.6055, 11411.917585990643, 12008.121228664679, 11304.728064314502, 12774.487711146227, 11172.062295179941, 13050.863254362734],